productId,label,category,volume,percentageBenzene,percentageRecycled,originCountry,reachCompliant,recycledScore
C001,GripTite Industrial Adhesive,Construction,750,0.010475,0.101625,Belgium,No,F
C002,StoneSeal Concrete Primer,Construction,250,0.010447,0.274535,Belgium,No,A
C003,HardBond Structural Epoxy,Construction,1000,0.006722,0.13887,Belgium,Yes,F
A001,MaxTherm Engine Oil 10W30,Automotive,1000,0.017658,0.133659,Japan,No,F
A002,FuelClear System Cleaner,Automotive,350,0.010742,0.109672,Japan,No,F
A003,MetalShine Degreaser Pro,Automotive,500,0.01678,0.160373,Japan,No,F
H001,AeroClean Disinfectant Spray,Household,300,0.001269,0.445946,Netherlands,Yes,A
H002,DeepClean Detergent Concentrate,Household,1200,0.000943,0.494623,Netherlands,Yes,A
H003,SensoMist Air Freshener,Household,250,0.000754,0.410408,Netherlands,Yes,A
